<?xml version="1.0" encoding="utf-8" standalone="no"?>
<CProIntegrity>
	<catalog name="[DiskHash]">		<entry name="._samples.jar">
			<Algid>00008021</Algid>
			<Path>./samples.jar</Path>
			<Tag>ABFC93C217CAF0241B625C3D60116E21D50B0B30BD55ED43EECF112FF299A91A</Tag>
		</entry>
		<entry name="._javadoc_CAdES-javadoc.jar">
			<Algid>00008021</Algid>
			<Path>./javadoc/CAdES-javadoc.jar</Path>
			<Tag>D172FA69C830B06DEF00D846F2C8EC3EF864FEE55C54B92A7D50A57E7FBE7105</Tag>
		</entry>
		<entry name="._javadoc_Rutoken-javadoc.jar">
			<Algid>00008021</Algid>
			<Path>./javadoc/Rutoken-javadoc.jar</Path>
			<Tag>4728B0F8EE01F4F8FC50BF5DDC4B5601E45A736A54DD8F562715D2A61A41BFD1</Tag>
		</entry>
		<entry name="._javadoc_JCPRevCheck-javadoc.jar">
			<Algid>00008021</Algid>
			<Path>./javadoc/JCPRevCheck-javadoc.jar</Path>
			<Tag>47DC4F8CE9F719C4BC089CA07479B59641C71F9A852CD773D773C137BD3CB70B</Tag>
		</entry>
		<entry name="._javadoc_cpSSL-javadoc.jar">
			<Algid>00008021</Algid>
			<Path>./javadoc/cpSSL-javadoc.jar</Path>
			<Tag>5A5897C73BFEDA6E243944AA2B50920055526F4164FE852F05B60DD20EDA62BF</Tag>
		</entry>
		<entry name="._javadoc_XAdES-javadoc.jar">
			<Algid>00008021</Algid>
			<Path>./javadoc/XAdES-javadoc.jar</Path>
			<Tag>0D605864563E9C59938B8BD8EA61EC87676E5126B2B5BFD85C182D2FA6519171</Tag>
		</entry>
		<entry name="._javadoc_XMLDSigRI-javadoc.jar">
			<Algid>00008021</Algid>
			<Path>./javadoc/XMLDSigRI-javadoc.jar</Path>
			<Tag>9BA9A6D77B3D50B9652EDE47C77A71E65765B7720EBA8BC626844A31C6B5B1EF</Tag>
		</entry>
		<entry name="._javadoc_J6Oscar-javadoc.jar">
			<Algid>00008021</Algid>
			<Path>./javadoc/J6Oscar-javadoc.jar</Path>
			<Tag>7A35C57322BEFDC7B7816121D2989483A9AA77D751C7434DF9B4D9A578BD1A86</Tag>
		</entry>
		<entry name="._javadoc_J6CF-javadoc.jar">
			<Algid>00008021</Algid>
			<Path>./javadoc/J6CF-javadoc.jar</Path>
			<Tag>329301522CDA7C05B353F58ABBA8F1E053B5805E2DDA5D29FD7ED81C5BD0588E</Tag>
		</entry>
		<entry name="._javadoc_JCP-javadoc.jar">
			<Algid>00008021</Algid>
			<Path>./javadoc/JCP-javadoc.jar</Path>
			<Tag>09EA2C6137CBB03E73D4A20E9334DFD96DFC3ADB613FA7464D7822500F6BFA13</Tag>
		</entry>
		<entry name="._javadoc_JCryptoP-javadoc.jar">
			<Algid>00008021</Algid>
			<Path>./javadoc/JCryptoP-javadoc.jar</Path>
			<Tag>73E658A29E58D126E44A06FF0AC9D8D0E5C4F1D6CCDB8467992C427827513725</Tag>
		</entry>
		<entry name="._javadoc_JCPinst-javadoc.jar">
			<Algid>00008021</Algid>
			<Path>./javadoc/JCPinst-javadoc.jar</Path>
			<Tag>047B3668A1FCB5A0DC1F39E24F878884543F70CF78E4DA7F62B8EB197017F969</Tag>
		</entry>
		<entry name="._javadoc_JCPxml-javadoc.jar">
			<Algid>00008021</Algid>
			<Path>./javadoc/JCPxml-javadoc.jar</Path>
			<Tag>EF1994E1A9E67777D095BDE4459D27C650EFCF65850183B7642794B82C89DA83</Tag>
		</entry>
		<entry name="._javadoc_JCPRequest-javadoc.jar">
			<Algid>00008021</Algid>
			<Path>./javadoc/JCPRequest-javadoc.jar</Path>
			<Tag>2A1FA7CE765257B511C6C1BC027B96F4D0E5E446395C45438CA17E85933E9BD1</Tag>
		</entry>
		<entry name="._cpverify.exe">
			<Algid>00008021</Algid>
			<Path>./cpverify.exe</Path>
			<Tag>30AA2260226F3DD3AD6926DDAA3D1C153FE90E0EBDE9FC1078D6DA8DBD9F88BC</Tag>
		</entry>
		<entry name="._J6Oscar.jar">
			<Algid>00008021</Algid>
			<Path>./J6Oscar.jar</Path>
			<Tag>81C2DF21DB9CAEE997459DCA4522BA2F63427E5D66CA4E1BBA404109E21249F3</Tag>
		</entry>
		<entry name="._setup_console.bat">
			<Algid>00008021</Algid>
			<Path>./setup_console.bat</Path>
			<Tag>BCACB7373889E6C6CFC9143E353EE72B8FB550F193EABE5DB2408C4193EA4F28</Tag>
		</entry>
		<entry name="._JCPRevTools.jar">
			<Algid>00008021</Algid>
			<Path>./JCPRevTools.jar</Path>
			<Tag>17EECF0B55B0DEFA0B8A407F00BA9386FBB4849A0B4C221470DB27E52DCB719D</Tag>
		</entry>
		<entry name="._JCPRevCheck.jar">
			<Algid>00008021</Algid>
			<Path>./JCPRevCheck.jar</Path>
			<Tag>BBA0FBEB35808529672CEA567EE3A4C63D3F0B12059300D0DFEB33D92AE6D715</Tag>
		</entry>
		<entry name="._ControlPane.bat">
			<Algid>00008021</Algid>
			<Path>./ControlPane.bat</Path>
			<Tag>BB6F16D1FCB642093F766BBD104847C250832906EC256A2D98DC92C9C9CFD278</Tag>
		</entry>
		<entry name="._setup_gui.sh">
			<Algid>00008021</Algid>
			<Path>./setup_gui.sh</Path>
			<Tag>B331B098C754BC7E44BA17BB7CEA721D226180CCD3FD42B96C322D17ED3CE5C1</Tag>
		</entry>
		<entry name="._samples-sources.jar">
			<Algid>00008021</Algid>
			<Path>./samples-sources.jar</Path>
			<Tag>3094143A0313B957F4B271934D0CE627D9AB53F94CA6408FBB126E1C8267065B</Tag>
		</entry>
		<entry name="._roots_86ebc03e3b3b14ee4ca70ca5ccd7db30eb80e258.cer">
			<Algid>00008021</Algid>
			<Path>./roots/86ebc03e3b3b14ee4ca70ca5ccd7db30eb80e258.cer</Path>
			<Tag>817AFA36CAB94999FB7D3044323143A08E67284AA49311EAC03A7D0CFF927850</Tag>
		</entry>
		<entry name="._roots_0cffefea2849f8755317cb93177ad0240c7e5ad4.cer">
			<Algid>00008021</Algid>
			<Path>./roots/0cffefea2849f8755317cb93177ad0240c7e5ad4.cer</Path>
			<Tag>8707CB1D16AB7C5F5A266AB7E1C91B6E28E4BEEFF4831DB74E57F4EC409E6853</Tag>
		</entry>
		<entry name="._roots_65183997dc8c3a546a83e061f37e110d3749fe51.cer">
			<Algid>00008021</Algid>
			<Path>./roots/65183997dc8c3a546a83e061f37e110d3749fe51.cer</Path>
			<Tag>64D281774975841DF912DC218F0AD76222D25CF8075DD9F2427B5AD2A6D3A593</Tag>
		</entry>
		<entry name="._roots_410e3baf6f7234f5d247349e1f8e64eede2bb280.cer">
			<Algid>00008021</Algid>
			<Path>./roots/410e3baf6f7234f5d247349e1f8e64eede2bb280.cer</Path>
			<Tag>493D13E1D340E33571969E90DAA22B2CCA7D42715C8F91BDE362B0E457C9BB63</Tag>
		</entry>
		<entry name="._roots_535426c39a9121f49df524ece141d6d715bdfac0.cer">
			<Algid>00008021</Algid>
			<Path>./roots/535426c39a9121f49df524ece141d6d715bdfac0.cer</Path>
			<Tag>894E2BC4D212CC783095C438AA59E5FBB45BE623F81FAB11C8A51A5B96B906BB</Tag>
		</entry>
		<entry name="._roots_ae71dcfac7a211a78f415f5ecbf72986fb673563.cer">
			<Algid>00008021</Algid>
			<Path>./roots/ae71dcfac7a211a78f415f5ecbf72986fb673563.cer</Path>
			<Tag>B648A7D3BE2BFBF94B2C075AC2BE4F15BE322BE9883D6210E0A6F04947171EB1</Tag>
		</entry>
		<entry name="._roots_31bec58434686b1d5e6aab2e0b5fffb29f2d62a2.cer">
			<Algid>00008021</Algid>
			<Path>./roots/31bec58434686b1d5e6aab2e0b5fffb29f2d62a2.cer</Path>
			<Tag>C807BAAA59A384304A126ECAF2DA2F2C53E27A8A307C8E4DE76EEF320DF0B412</Tag>
		</entry>
		<entry name="._roots_aff05c9e2464941e7ec2ab15c91539360b79aa9d.cer">
			<Algid>00008021</Algid>
			<Path>./roots/aff05c9e2464941e7ec2ab15c91539360b79aa9d.cer</Path>
			<Tag>85587CB98FDAA00C098EC560430AC9D9CCACEB4CF6CA5B8BBE0E3916FFC38DE3</Tag>
		</entry>
		<entry name="._roots_4d616b0c73534351260ce7f48f3c7bdd71214945.cer">
			<Algid>00008021</Algid>
			<Path>./roots/4d616b0c73534351260ce7f48f3c7bdd71214945.cer</Path>
			<Tag>C6F10226C42ED8642B29E96FC45A4F122B73CD22ECE8183BC5A79D2BDF6098DD</Tag>
		</entry>
		<entry name="._roots_9de7e723cc15e2ddd7886c965cd0257cc1963f0b.cer">
			<Algid>00008021</Algid>
			<Path>./roots/9de7e723cc15e2ddd7886c965cd0257cc1963f0b.cer</Path>
			<Tag>502C85973017C85B098ACFFB9FCEB8DCF056D5E814ADDC2E804A455C96FA3907</Tag>
		</entry>
		<entry name="._roots_052a7fa1b7aea1ba4888ecbff7123be0abf23e11.cer">
			<Algid>00008021</Algid>
			<Path>./roots/052a7fa1b7aea1ba4888ecbff7123be0abf23e11.cer</Path>
			<Tag>AF03988688D5A9AD7FAE4EB8A27228ACA269CF0622F7C8E43FAD57099C26A9FB</Tag>
		</entry>
		<entry name="._roots_8cae88bbfd404a7a53630864f9033606e1dc45e2.cer">
			<Algid>00008021</Algid>
			<Path>./roots/8cae88bbfd404a7a53630864f9033606e1dc45e2.cer</Path>
			<Tag>B0670ACBF8C3430A42F4CA116C5303727ECAA3E5DF8EC45F21438D523E54D107</Tag>
		</entry>
		<entry name="._roots_b4f345af1be59264d4382f06d6e6e3c16047a2ca.cer">
			<Algid>00008021</Algid>
			<Path>./roots/b4f345af1be59264d4382f06d6e6e3c16047a2ca.cer</Path>
			<Tag>A5890F0E483A574C23E9380AF38D0989999C86942175C161908BC59ACBAC5AA9</Tag>
		</entry>
		<entry name="._roots_c6fc463ab400707b7a00cc560529838565fe9f07.cer">
			<Algid>00008021</Algid>
			<Path>./roots/c6fc463ab400707b7a00cc560529838565fe9f07.cer</Path>
			<Tag>DDF56255788384FA5B9141C8FD0ECE8F2398CA504D3EE19E55CD8E5CB60D99DE</Tag>
		</entry>
		<entry name="._roots_c8e00fe58abd9bea94d0b8048f53e3e57448a430.cer">
			<Algid>00008021</Algid>
			<Path>./roots/c8e00fe58abd9bea94d0b8048f53e3e57448a430.cer</Path>
			<Tag>0E8759FBC0C4B2FE5EAB42D3E8B9CD3E41DCD1100929C654EBF089DDB10ED77B</Tag>
		</entry>
		<entry name="._roots_fe0e51ee00f5668267dd7b6760e3b1bb1c9cafd6.cer">
			<Algid>00008021</Algid>
			<Path>./roots/fe0e51ee00f5668267dd7b6760e3b1bb1c9cafd6.cer</Path>
			<Tag>A8075EE37A6BA45277B5F04093B59EF2339C33112A5E1C7E0C83F3535A515BF6</Tag>
		</entry>
		<entry name="._roots_install_roots.bat">
			<Algid>00008021</Algid>
			<Path>./roots/install_roots.bat</Path>
			<Tag>6E8FCEE26596AF367312792D6C756C468E516340547CD601E730875AFE8EF53B</Tag>
		</entry>
		<entry name="._roots_34e21fc04d3576b0ada81fd081955e2778291cc5.cer">
			<Algid>00008021</Algid>
			<Path>./roots/34e21fc04d3576b0ada81fd081955e2778291cc5.cer</Path>
			<Tag>9BFF10A3AA8A02C7CEBC75E428ACD95DA469C71F98B0ACA43B55BC2ED559C27D</Tag>
		</entry>
		<entry name="._roots_3b41b9931b7d8bb4fa54850686aabfef0aff7b6f.cer">
			<Algid>00008021</Algid>
			<Path>./roots/3b41b9931b7d8bb4fa54850686aabfef0aff7b6f.cer</Path>
			<Tag>4AB670FA722B1412377FCC7A5731797FD94BA779C8D388CCC5E0C163982DF01A</Tag>
		</entry>
		<entry name="._roots_8cc8806af60dd8e44938b2f8fa30ac9b79017801.cer">
			<Algid>00008021</Algid>
			<Path>./roots/8cc8806af60dd8e44938b2f8fa30ac9b79017801.cer</Path>
			<Tag>EC8FA242058E541B1177C91C75C7650AC37AA38CF7E9F48DCD250D2E619F1FC9</Tag>
		</entry>
		<entry name="._roots_8ea23236ae168bc7bc962d431501919e8b0a07d2.cer">
			<Algid>00008021</Algid>
			<Path>./roots/8ea23236ae168bc7bc962d431501919e8b0a07d2.cer</Path>
			<Tag>562165AB9F7A8A7EA188BA1467D3E85C1C655BD3BC321497BCE92DC17583102C</Tag>
		</entry>
		<entry name="._roots_4bc6dc14d97010c41a26e058ad851f81c842415a.cer">
			<Algid>00008021</Algid>
			<Path>./roots/4bc6dc14d97010c41a26e058ad851f81c842415a.cer</Path>
			<Tag>175DF5C3074525510D9BBC800552E74D5D1B7A6960ECC5C711B70CC1A72CC00D</Tag>
		</entry>
		<entry name="._roots_58715466a51e61c265fe0e7cdf742e315430b862.cer">
			<Algid>00008021</Algid>
			<Path>./roots/58715466a51e61c265fe0e7cdf742e315430b862.cer</Path>
			<Tag>EE3CEF57BAAC4EFF8456D2BB5E4216F060C85EF12DBC8E4E46AA99DE5F17CD64</Tag>
		</entry>
		<entry name="._roots_ec338e87c8a34be5ec53df164ddee40934176fb3.cer">
			<Algid>00008021</Algid>
			<Path>./roots/ec338e87c8a34be5ec53df164ddee40934176fb3.cer</Path>
			<Tag>41359E6961CE87F57FD6FD911CAEACDD6D1D3FFFEA2E392D100757F8B78459B7</Tag>
		</entry>
		<entry name="._roots_2F0CB09BE3550EF17EC4F29C90ABD18BFCAAD63A.cer">
			<Algid>00008021</Algid>
			<Path>./roots/2F0CB09BE3550EF17EC4F29C90ABD18BFCAAD63A.cer</Path>
			<Tag>BD23070FF886C3534482D7F8FDE5B5B6325FE7B92F31A08DC00F2AFF9D413713</Tag>
		</entry>
		<entry name="._roots_install_roots.sh">
			<Algid>00008021</Algid>
			<Path>./roots/install_roots.sh</Path>
			<Tag>933EDA7C1EE6E7A26BD046B279884AF8E9334299E4279E8612F2F0E209165E4A</Tag>
		</entry>
		<entry name="._roots_5269538f37d31c44f2ec22941941c864297a3e1a.cer">
			<Algid>00008021</Algid>
			<Path>./roots/5269538f37d31c44f2ec22941941c864297a3e1a.cer</Path>
			<Tag>98EA519E1B424FDD104A1865F8A08BA14E5492ACFC00FD06CDED09119410ACE1</Tag>
		</entry>
		<entry name="._roots_0884889d00f1ff2c773bc5dfb42f41ddddeed492.cer">
			<Algid>00008021</Algid>
			<Path>./roots/0884889d00f1ff2c773bc5dfb42f41ddddeed492.cer</Path>
			<Tag>A14FC937422F63269A346AF91784A5FF97DBF4B96599463FAE9E0FD66FFDCB74</Tag>
		</entry>
		<entry name="._Doc_docker_jcsp_Dockerfile">
			<Algid>00008021</Algid>
			<Path>./Doc/docker/jcsp/Dockerfile</Path>
			<Tag>3871AAA0BB9C5BF739036AA77EC00377E2384CB0F3820711EA2B761656580BF9</Tag>
		</entry>
		<entry name="._Doc_docker_jcp_Dockerfile-RHEL">
			<Algid>00008021</Algid>
			<Path>./Doc/docker/jcp/Dockerfile-RHEL</Path>
			<Tag>1A4EE6A2A02813F89DE9E563C3BF0B7182AB82E6904CB0BC8F6D16C0FF0A9A89</Tag>
		</entry>
		<entry name="._Doc_docker_jcp_Dockerfile">
			<Algid>00008021</Algid>
			<Path>./Doc/docker/jcp/Dockerfile</Path>
			<Tag>F01789E1FAEEA583B9493C252E7C85620FC3E28FF04B6245B56E1E49FDAC1C82</Tag>
		</entry>
		<entry name="._Doc_JCP_ЖТЯИ.00091-04 91 01. Инструкция по использованию.pdf">
			<Algid>00008021</Algid>
			<Path>./Doc/JCP/ЖТЯИ.00091-04 91 01. Инструкция по использованию.pdf</Path>
			<Tag>0392636F21342F64388D72E6E35B56AD3562705B6752091CFC79AD4D57BC8208</Tag>
		</entry>
		<entry name="._Doc_JCP_ЖТЯИ.00091-04 33 02. Руководство программиста. Модули шифрования.pdf">
			<Algid>00008021</Algid>
			<Path>./Doc/JCP/ЖТЯИ.00091-04 33 02. Руководство программиста. Модули шифрования.pdf</Path>
			<Tag>6781A5DCFFEA8978D9A29B09D6E401BB5A19485C38B71CDFB8FE2F58E5905557</Tag>
		</entry>
		<entry name="._Doc_JCP_ЖТЯИ.00091-04 94 01. Описание реализации.pdf">
			<Algid>00008021</Algid>
			<Path>./Doc/JCP/ЖТЯИ.00091-04 94 01. Описание реализации.pdf</Path>
			<Tag>E66861A98D9252013D968B6006B60EAE55FB2698D4860A978BAD32A4BB4BBBAA</Tag>
		</entry>
		<entry name="._Doc_JCP_ЖТЯИ.00091-04 90 02. Руководство администратора безопасности. Виртуальные среды.pdf">
			<Algid>00008021</Algid>
			<Path>./Doc/JCP/ЖТЯИ.00091-04 90 02. Руководство администратора безопасности. Виртуальные среды.pdf</Path>
			<Tag>4322D8E93B2B4922D6CE8944DD756C34F55890B82EC7871769C7A294A2F0CE6C</Tag>
		</entry>
		<entry name="._Doc_JCP_ЖТЯИ.00091-04 91 02. Инструкция по использованию. JavaTLS.pdf">
			<Algid>00008021</Algid>
			<Path>./Doc/JCP/ЖТЯИ.00091-04 91 02. Инструкция по использованию. JavaTLS.pdf</Path>
			<Tag>A94FC9603B466E5CC469128F0F257E973B0C26766D507DC5D53FBF57B0CF1285</Tag>
		</entry>
		<entry name="._Doc_JCP_ЖТЯИ.00091-04 33 03. Руководство программиста. JavaTLS.pdf">
			<Algid>00008021</Algid>
			<Path>./Doc/JCP/ЖТЯИ.00091-04 33 03. Руководство программиста. JavaTLS.pdf</Path>
			<Tag>D20792D6A431DA1EAE5472174E1648917D8D359479470685833F0C547902E91F</Tag>
		</entry>
		<entry name="._Doc_JCP_ЖТЯИ.00091-04 30 01. Формуляр.pdf">
			<Algid>00008021</Algid>
			<Path>./Doc/JCP/ЖТЯИ.00091-04 30 01. Формуляр.pdf</Path>
			<Tag>496FBC0E19C9131441B722C229DB48EC5D22D5A2E885FA9F1BF425A562E37E67</Tag>
		</entry>
		<entry name="._Doc_JCP_ЖТЯИ.00091-04 92 01. Правила пользования.pdf">
			<Algid>00008021</Algid>
			<Path>./Doc/JCP/ЖТЯИ.00091-04 92 01. Правила пользования.pdf</Path>
			<Tag>F07368FF33DE4A8A5DB680159D8B399DE48DB02D39C6B1AFC31B585207C74BF6</Tag>
		</entry>
		<entry name="._Doc_JCP_ЖТЯИ.00091-04 90 01. Руководство администратора безопасности.pdf">
			<Algid>00008021</Algid>
			<Path>./Doc/JCP/ЖТЯИ.00091-04 90 01. Руководство администратора безопасности.pdf</Path>
			<Tag>517D1413C23D15B7CE9FB04DA1F9674AE1DF9A6D73ABBB72CDCD03449C1B6310</Tag>
		</entry>
		<entry name="._Doc_JCP_ЖТЯИ.00091-04 33 01. Руководство программиста.pdf">
			<Algid>00008021</Algid>
			<Path>./Doc/JCP/ЖТЯИ.00091-04 33 01. Руководство программиста.pdf</Path>
			<Tag>1BBD76C3FA83613229C4EC3BF368392043F02994DB47CA28AE02EE6479088348</Tag>
		</entry>
		<entry name="._Doc_keytool_linux_ktl8-java-csp-hd-28147.sh">
			<Algid>00008021</Algid>
			<Path>./Doc/keytool/linux/ktl8-java-csp-hd-28147.sh</Path>
			<Tag>DCACE0B9713D34D9B9CFAA99CBE218ECEEF85360E2605AE2DB6EC2ED544A1873</Tag>
		</entry>
		<entry name="._Doc_keytool_trust_for_jar_signer">
			<Algid>00008021</Algid>
			<Path>./Doc/keytool/trust_for_jar_signer</Path>
			<Tag>62F9DA29CC9B43860483D26A9EB746D818BD05012EDA59B6ADEE4DD0B3C8CB9F</Tag>
		</entry>
		<entry name="._Doc_keytool_mac_ktl8-java-csp-hd-28147.sh">
			<Algid>00008021</Algid>
			<Path>./Doc/keytool/mac/ktl8-java-csp-hd-28147.sh</Path>
			<Tag>7DF36867F2C5447686BB0CFB246DB78A20E48D83006006FE85406BD0B1A56E8B</Tag>
		</entry>
		<entry name="._Doc_keytool_mac_ktl11-java-csp-hd-28147.sh">
			<Algid>00008021</Algid>
			<Path>./Doc/keytool/mac/ktl11-java-csp-hd-28147.sh</Path>
			<Tag>F0658399B1CAF0CC8638C41B6685B14FAE37D480BFF5B0747D9C6126E1214D24</Tag>
		</entry>
		<entry name="._Doc_keytool_windows_SendRequestToMSCA.class">
			<Algid>00008021</Algid>
			<Path>./Doc/keytool/windows/SendRequestToMSCA.class</Path>
			<Tag>8823526CEBB0415BA6EA63F119D25DAD1438B5DA8280ED8E301227AD7EDD6F7D</Tag>
		</entry>
		<entry name="._Doc_keytool_windows_ktl8-java-csp-hd-aes128.bat">
			<Algid>00008021</Algid>
			<Path>./Doc/keytool/windows/ktl8-java-csp-hd-aes128.bat</Path>
			<Tag>9252E11CA15D900CBDC53BDC26306F86B5FDAE64F9075B1ACBAB7013D6F87BFD</Tag>
		</entry>
		<entry name="._Doc_keytool_windows_ktl8-java-csp-hsm-gen.bat">
			<Algid>00008021</Algid>
			<Path>./Doc/keytool/windows/ktl8-java-csp-hsm-gen.bat</Path>
			<Tag>7941936354D01E95F34B1DA8A5F5AE60D63F86E07D6A403FCEF2E1DBDCDEFF68</Tag>
		</entry>
		<entry name="._Doc_keytool_windows_ktl8-java-csp-hsm-rsa-2.bat">
			<Algid>00008021</Algid>
			<Path>./Doc/keytool/windows/ktl8-java-csp-hsm-rsa-2.bat</Path>
			<Tag>B4807BC4D7BEF4E773A97A0F709B3636B0EFC77ADC1DFD912900148A6C1E4781</Tag>
		</entry>
		<entry name="._Doc_keytool_windows_ktl8-java-csp-hd-28147.bat">
			<Algid>00008021</Algid>
			<Path>./Doc/keytool/windows/ktl8-java-csp-hd-28147.bat</Path>
			<Tag>34BC493DCC27DB7AA8B8ACFAD168CE659CE9D9EBC49D32556E86747EECE93CAA</Tag>
		</entry>
		<entry name="._Doc_keytool_windows_jsg8-java-csp-hsm-rsa.bat">
			<Algid>00008021</Algid>
			<Path>./Doc/keytool/windows/jsg8-java-csp-hsm-rsa.bat</Path>
			<Tag>9E4A1AD06018117DA425855E0C85A7A002DBB970295683A3FD7B7C62F94116D9</Tag>
		</entry>
		<entry name="._Doc_keytool_windows_ktl8-java-csp-hsm-rsa.bat">
			<Algid>00008021</Algid>
			<Path>./Doc/keytool/windows/ktl8-java-csp-hsm-rsa.bat</Path>
			<Tag>6933F2501C48366EBB6CA0497D787AFC663B6BB0D3BDFCA7469F33A02D7BAFE0</Tag>
		</entry>
		<entry name="._Doc_keytool_windows_ktl8-java-csp-hd-3des.bat">
			<Algid>00008021</Algid>
			<Path>./Doc/keytool/windows/ktl8-java-csp-hd-3des.bat</Path>
			<Tag>DC778BCAA641252B4524317AE8B71162410E1DF92229EB52A2236D39FC63C177</Tag>
		</entry>
		<entry name="._Doc_keytool_windows_ktl8-java-csp-hd-req.bat">
			<Algid>00008021</Algid>
			<Path>./Doc/keytool/windows/ktl8-java-csp-hd-req.bat</Path>
			<Tag>F531785C5C85DECF60F4E41AB0410E91FE2635964058F4B278B914C29130008B</Tag>
		</entry>
		<entry name="._Doc_keytool_windows_ktl8-java-csp-rg-rsa.bat">
			<Algid>00008021</Algid>
			<Path>./Doc/keytool/windows/ktl8-java-csp-rg-rsa.bat</Path>
			<Tag>C3434D8CF53E35E784BE588E8CB6ED3EB8910ED3F1EA741B26D91E8BC76535C1</Tag>
		</entry>
		<entry name="._Doc_keytool_windows_ktl8-java-csp-copy-hd-hsm.bat">
			<Algid>00008021</Algid>
			<Path>./Doc/keytool/windows/ktl8-java-csp-copy-hd-hsm.bat</Path>
			<Tag>2EBDFB86419F250BF9EA40176AB8FD102B8147EC43D40E31AE8A6BDBB1A247B5</Tag>
		</entry>
		<entry name="._Doc_keytool_windows_ktl8-jcp-hd.bat">
			<Algid>00008021</Algid>
			<Path>./Doc/keytool/windows/ktl8-jcp-hd.bat</Path>
			<Tag>D4519617AEEF2877063F1D9EA6E7EB6BA835A3AAEC8817EBCB7573B14B69089C</Tag>
		</entry>
		<entry name="._Doc_keytool_windows_ktl8-java-csp-hd.bat">
			<Algid>00008021</Algid>
			<Path>./Doc/keytool/windows/ktl8-java-csp-hd.bat</Path>
			<Tag>727F2D7908861C1214A2423F228570342EA2BA4A871781505DFC88E1F96F3D75</Tag>
		</entry>
		<entry name="._Doc_keytool_windows_jsg8-java-csp-hd-rsa.bat">
			<Algid>00008021</Algid>
			<Path>./Doc/keytool/windows/jsg8-java-csp-hd-rsa.bat</Path>
			<Tag>5BC20B1D5CDABEE44A9AD0B5826C0FBCE2C1476EFE732FFB7EDF2F739117FE72</Tag>
		</entry>
		<entry name="._Doc_keytool_windows_ktl8-java-csp-jks-rsa.bat">
			<Algid>00008021</Algid>
			<Path>./Doc/keytool/windows/ktl8-java-csp-jks-rsa.bat</Path>
			<Tag>F2DC744A64982B51F53EB61ED83F257B951BB08C40E6346C6E84CE7FA1EEC5DD</Tag>
		</entry>
		<entry name="._Doc_keytool_windows_ktl8-java-csp-hd-all.bat">
			<Algid>00008021</Algid>
			<Path>./Doc/keytool/windows/ktl8-java-csp-hd-all.bat</Path>
			<Tag>1A3AA51D1AD767F2915876DE1D561917CBC3355E655C69ED5BF055ECBA21D3F7</Tag>
		</entry>
		<entry name="._Doc_keytool_test_ca.cer">
			<Algid>00008021</Algid>
			<Path>./Doc/keytool/test_ca.cer</Path>
			<Tag>A11BF94ECF94EB103817C80C803177748B9ACE8C4A1007FB8269B288AD9D4621</Tag>
		</entry>
		<entry name="._Doc_itextpdf_5.5.5_itextpdf_patched-5.5.5.jar">
			<Algid>00008021</Algid>
			<Path>./Doc/itextpdf/5.5.5/itextpdf_patched-5.5.5.jar</Path>
			<Tag>FDED29FB7BAD26D7D62CF779C095C7052C6CE36D3B39ECD4971CE27882C1520B</Tag>
		</entry>
		<entry name="._Doc_itextpdf_5.1.3_itextpdf_patched-5.1.3.jar">
			<Algid>00008021</Algid>
			<Path>./Doc/itextpdf/5.1.3/itextpdf_patched-5.1.3.jar</Path>
			<Tag>4ED0FB569BA08D2908C497C0A428439BC0D8882C7B0D77A40FED8DA859D34AFD</Tag>
		</entry>
		<entry name="._Doc_itextpdf_5.5.5-2_itextpdf_patched-5.5.5-2.jar">
			<Algid>00008021</Algid>
			<Path>./Doc/itextpdf/5.5.5-2/itextpdf_patched-5.5.5-2.jar</Path>
			<Tag>E8AFC761EDA9B81D555F46C6460001BB561FF213553B1B3293EC735E92DEC127</Tag>
		</entry>
		<entry name="._Doc_LicenseLoader.pdf">
			<Algid>00008021</Algid>
			<Path>./Doc/LicenseLoader.pdf</Path>
			<Tag>E792402D260EDC75A7F94964788C4ABEEBF024E4AAEB8832BD19870F64EFCD7D</Tag>
		</entry>
		<entry name="._JCP.jar">
			<Algid>00008021</Algid>
			<Path>./JCP.jar</Path>
			<Tag>E231E45849E3B71137544A1FDFDEAD6BA1FE27791CC25D1E86AC3A740C802957</Tag>
		</entry>
		<entry name="._setup_console.sh">
			<Algid>00008021</Algid>
			<Path>./setup_console.sh</Path>
			<Tag>DAB92B6210939A50896C57A6C5D2FB080C942DEC8D4AB20A6384685F73F67212</Tag>
		</entry>
		<entry name="._JCPinst.jar">
			<Algid>00008021</Algid>
			<Path>./JCPinst.jar</Path>
			<Tag>A0CF62C54F69C6BD1A0DB5721AB82D7E550F31B625036B8D36F05490BE44CE9E</Tag>
		</entry>
		<entry name="._forms_rt.jar">
			<Algid>00008021</Algid>
			<Path>./forms_rt.jar</Path>
			<Tag>0C7514B6A638FB40716F299CBE4326D6748E32E8C128F005B3C40007B7C53409</Tag>
		</entry>
		<entry name="._J6CF.jar">
			<Algid>00008021</Algid>
			<Path>./J6CF.jar</Path>
			<Tag>B71C691276A568959DE39102051519A143DFD5A8F985AC10A3485C4FCA5108C4</Tag>
		</entry>
		<entry name="._asn1rt.jar">
			<Algid>00008021</Algid>
			<Path>./asn1rt.jar</Path>
			<Tag>744E4482D2D65BFEF6398D37E89E2AD11E761B826B98F073E6E89D1BD0E70831</Tag>
		</entry>
		<entry name="._JCPinstGUI.jar">
			<Algid>00008021</Algid>
			<Path>./JCPinstGUI.jar</Path>
			<Tag>872277DE6CBB2603E081BC2EAA4D75538C16D3148B6467E4FB6B50E22A0EA2B8</Tag>
		</entry>
		<entry name="._Rutoken.jar">
			<Algid>00008021</Algid>
			<Path>./Rutoken.jar</Path>
			<Tag>E3262F9FC29F1CA90262F0DDCC34288793E3682F496367EA1E41D885C8955DB8</Tag>
		</entry>
		<entry name="._ControlPane.sh">
			<Algid>00008021</Algid>
			<Path>./ControlPane.sh</Path>
			<Tag>5C9D20C3E8CCA007920C9C69E7762689F3656A0A68B1E379012DB8F5138FE053</Tag>
		</entry>
		<entry name="._cpSSL.jar">
			<Algid>00008021</Algid>
			<Path>./cpSSL.jar</Path>
			<Tag>A0197B47C939E4CA239788E73614E7372C104B4343631F7A1B94B07580EAC159</Tag>
		</entry>
		<entry name="._JCPRequest.jar">
			<Algid>00008021</Algid>
			<Path>./JCPRequest.jar</Path>
			<Tag>06FC4CF04502A9D4CEBDA7C05C6FFE1F62872C6F123F0E64818BDBAF5738AF59</Tag>
		</entry>
		<entry name="._ASN1P.jar">
			<Algid>00008021</Algid>
			<Path>./ASN1P.jar</Path>
			<Tag>D86B808BD3063022E85BFD57C0D8688FB8E5F0B673A4EFAE869DF868C9CBE5D8</Tag>
		</entry>
		<entry name="._JCPxml.jar">
			<Algid>00008021</Algid>
			<Path>./JCPxml.jar</Path>
			<Tag>22AA88D8B30F6EC7C2ACA3E3CB381B11FBB2DB76D986B13822701847A7480B9C</Tag>
		</entry>
		<entry name="._JCPControlPane.jar">
			<Algid>00008021</Algid>
			<Path>./JCPControlPane.jar</Path>
			<Tag>D1DF24D4AB6F5D447D678875E8B969D913A43021DF34CB91405EC63F1AA94533</Tag>
		</entry>
		<entry name="._CAdES.jar">
			<Algid>00008021</Algid>
			<Path>./CAdES.jar</Path>
			<Tag>0ADDBABF25EB93F4F96DD4ECEE209DB1FF30EC51D7529672A639F2DFB678D652</Tag>
		</entry>
		<entry name="._cmsutil.jar">
			<Algid>00008021</Algid>
			<Path>./cmsutil.jar</Path>
			<Tag>649976C00A672DED0A020881EA4CFF3C378E2811B861B41471EB6EB23F89CF14</Tag>
		</entry>
		<entry name="._tls_proxy.jar">
			<Algid>00008021</Algid>
			<Path>./tls_proxy.jar</Path>
			<Tag>279DDC83484F167EFB433B22DD95A27F1D9465DE3E9A488BDE93B23D4EBCD331</Tag>
		</entry>
		<entry name="._XMLDSigRI.jar">
			<Algid>00008021</Algid>
			<Path>./XMLDSigRI.jar</Path>
			<Tag>22A7277A3D8E3D3F59CB363A00FFEA54C62959900750387B6603F369C24CB35C</Tag>
		</entry>
		<entry name="._setup.exe">
			<Algid>00008021</Algid>
			<Path>./setup.exe</Path>
			<Tag>32B40ABADEF74E6145B48706BBE389C00B0B3EE1734D2E7163A85731FCC42487</Tag>
		</entry>
		<entry name="._JCryptoP.jar">
			<Algid>00008021</Algid>
			<Path>./JCryptoP.jar</Path>
			<Tag>B524D9C8D30B3C8AB76EA7C742268A257BB1E3A78C8A889A75613C53A9D21677</Tag>
		</entry>
		<entry name="._XAdES.jar">
			<Algid>00008021</Algid>
			<Path>./XAdES.jar</Path>
			<Tag>59C17EBF2747ED7C75451916BAF4B935EFF108158416F6B8266D583DB35B7B76</Tag>
		</entry>
		<entry name="._AdES-core.jar">
			<Algid>00008021</Algid>
			<Path>./AdES-core.jar</Path>
			<Tag>C488BC2C5507ACC6B9432F86EDEB3F48CAD692E1BD8F5B8BBAC11395520BCADD</Tag>
		</entry>
	</catalog>
</CProIntegrity>